project_id,source_url,license_type,redistribution_allowed,notes
1,unknown,CircuitDigest proprietary,no,Content is copyright CircuitDigest.com. Educational use only. No redistribution without permission. Source URL linked only.
2,unknown,CircuitDigest proprietary,no,Content is copyright CircuitDigest.com. Educational use only. No redistribution without permission. Source URL linked only.
3,unknown,CircuitDigest proprietary,no,Content is copyright CircuitDigest.com. Educational use only. No redistribution without permission. Source URL linked only.
4,unknown,CircuitDigest proprietary,no,Content is copyright CircuitDigest.com. Educational use only. No redistribution without permission. Source URL linked only.
5,unknown,CircuitDigest proprietary,no,Content is copyright CircuitDigest.com. Educational use only. No redistribution without permission. Source URL linked only.
6,unknown,CircuitDigest proprietary,no,Content is copyright CircuitDigest.com. Educational use only. No redistribution without permission. Source URL linked only.
7,unknown,CircuitDigest proprietary,no,Content is copyright CircuitDigest.com. Educational use only. No redistribution without permission. Source URL linked only.
8,unknown,CircuitDigest proprietary,no,Content is copyright CircuitDigest.com. Educational use only. No redistribution without permission. Source URL linked only.
9,unknown,CircuitDigest proprietary,no,Content is copyright CircuitDigest.com. Educational use only. No redistribution without permission. Source URL linked only.
10,unknown,CircuitDigest proprietary,no,Content is copyright CircuitDigest.com. Educational use only. No redistribution without permission. Source URL linked only.
11,unknown,CircuitDigest proprietary,no,Content is copyright CircuitDigest.com. Educational use only. No redistribution without permission. Source URL linked only.
12,unknown,CircuitDigest proprietary,no,Content is copyright CircuitDigest.com. Educational use only. No redistribution without permission. Source URL linked only.
13,unknown,CircuitDigest proprietary,no,Content is copyright CircuitDigest.com. Educational use only. No redistribution without permission. Source URL linked only.
14,unknown,CircuitDigest proprietary,no,Content is copyright CircuitDigest.com. Educational use only. No redistribution without permission. Source URL linked only.
15,unknown,CircuitDigest proprietary,no,Content is copyright CircuitDigest.com. Educational use only. No redistribution without permission. Source URL linked only.
16,unknown,CircuitDigest proprietary,no,Content is copyright CircuitDigest.com. Educational use only. No redistribution without permission. Source URL linked only.
17,unknown,CircuitDigest proprietary,no,Content is copyright CircuitDigest.com. Educational use only. No redistribution without permission. Source URL linked only.
18,unknown,CircuitDigest proprietary,no,Content is copyright CircuitDigest.com. Educational use only. No redistribution without permission. Source URL linked only.
19,unknown,CircuitDigest proprietary,no,Content is copyright CircuitDigest.com. Educational use only. No redistribution without permission. Source URL linked only.
20,unknown,CircuitDigest proprietary,no,Content is copyright CircuitDigest.com. Educational use only. No redistribution without permission. Source URL linked only.
21,unknown,CircuitDigest proprietary,no,Content is copyright CircuitDigest.com. Educational use only. No redistribution without permission. Source URL linked only.
22,unknown,CircuitDigest proprietary,no,Content is copyright CircuitDigest.com. Educational use only. No redistribution without permission. Source URL linked only.
23,unknown,CircuitDigest proprietary,no,Content is copyright CircuitDigest.com. Educational use only. No redistribution without permission. Source URL linked only.
24,unknown,CircuitDigest proprietary,no,Content is copyright CircuitDigest.com. Educational use only. No redistribution without permission. Source URL linked only.
25,unknown,CircuitDigest proprietary,no,Content is copyright CircuitDigest.com. Educational use only. No redistribution without permission. Source URL linked only.
26,unknown,CircuitDigest proprietary,no,Content is copyright CircuitDigest.com. Educational use only. No redistribution without permission. Source URL linked only.
27,unknown,CircuitDigest proprietary,no,Content is copyright CircuitDigest.com. Educational use only. No redistribution without permission. Source URL linked only.
28,unknown,CircuitDigest proprietary,no,Content is copyright CircuitDigest.com. Educational use only. No redistribution without permission. Source URL linked only.
29,unknown,CircuitDigest proprietary,no,Content is copyright CircuitDigest.com. Educational use only. No redistribution without permission. Source URL linked only.
30,unknown,CircuitDigest proprietary,no,Content is copyright CircuitDigest.com. Educational use only. No redistribution without permission. Source URL linked only.
31,unknown,CircuitDigest proprietary,no,Content is copyright CircuitDigest.com. Educational use only. No redistribution without permission. Source URL linked only.
32,unknown,CircuitDigest proprietary,no,Content is copyright CircuitDigest.com. Educational use only. No redistribution without permission. Source URL linked only.
33,unknown,CircuitDigest proprietary,no,Content is copyright CircuitDigest.com. Educational use only. No redistribution without permission. Source URL linked only.
34,unknown,CircuitDigest proprietary,no,Content is copyright CircuitDigest.com. Educational use only. No redistribution without permission. Source URL linked only.
35,unknown,CircuitDigest proprietary,no,Content is copyright CircuitDigest.com. Educational use only. No redistribution without permission. Source URL linked only.
36,unknown,CircuitDigest proprietary,no,Content is copyright CircuitDigest.com. Educational use only. No redistribution without permission. Source URL linked only.
37,unknown,CircuitDigest proprietary,no,Content is copyright CircuitDigest.com. Educational use only. No redistribution without permission. Source URL linked only.
38,unknown,CircuitDigest proprietary,no,Content is copyright CircuitDigest.com. Educational use only. No redistribution without permission. Source URL linked only.
39,unknown,CircuitDigest proprietary,no,Content is copyright CircuitDigest.com. Educational use only. No redistribution without permission. Source URL linked only.
40,unknown,CircuitDigest proprietary,no,Content is copyright CircuitDigest.com. Educational use only. No redistribution without permission. Source URL linked only.
41,unknown,CircuitDigest proprietary,no,Content is copyright CircuitDigest.com. Educational use only. No redistribution without permission. Source URL linked only.
42,unknown,CircuitDigest proprietary,no,Content is copyright CircuitDigest.com. Educational use only. No redistribution without permission. Source URL linked only.
43,unknown,CircuitDigest proprietary,no,Content is copyright CircuitDigest.com. Educational use only. No redistribution without permission. Source URL linked only.
44,unknown,CircuitDigest proprietary,no,Content is copyright CircuitDigest.com. Educational use only. No redistribution without permission. Source URL linked only.
45,unknown,CircuitDigest proprietary,no,Content is copyright CircuitDigest.com. Educational use only. No redistribution without permission. Source URL linked only.
46,unknown,CircuitDigest proprietary,no,Content is copyright CircuitDigest.com. Educational use only. No redistribution without permission. Source URL linked only.
47,unknown,CircuitDigest proprietary,no,Content is copyright CircuitDigest.com. Educational use only. No redistribution without permission. Source URL linked only.
48,unknown,CircuitDigest proprietary,no,Content is copyright CircuitDigest.com. Educational use only. No redistribution without permission. Source URL linked only.
49,unknown,CircuitDigest proprietary,no,Content is copyright CircuitDigest.com. Educational use only. No redistribution without permission. Source URL linked only.
50,unknown,CircuitDigest proprietary,no,Content is copyright CircuitDigest.com. Educational use only. No redistribution without permission. Source URL linked only.
51,unknown,CircuitDigest proprietary,no,Content is copyright CircuitDigest.com. Educational use only. No redistribution without permission. Source URL linked only.
52,unknown,CircuitDigest proprietary,no,Content is copyright CircuitDigest.com. Educational use only. No redistribution without permission. Source URL linked only.
53,unknown,CircuitDigest proprietary,no,Content is copyright CircuitDigest.com. Educational use only. No redistribution without permission. Source URL linked only.
54,unknown,CircuitDigest proprietary,no,Content is copyright CircuitDigest.com. Educational use only. No redistribution without permission. Source URL linked only.
55,unknown,CircuitDigest proprietary,no,Content is copyright CircuitDigest.com. Educational use only. No redistribution without permission. Source URL linked only.
56,unknown,CircuitDigest proprietary,no,Content is copyright CircuitDigest.com. Educational use only. No redistribution without permission. Source URL linked only.
57,unknown,CircuitDigest proprietary,no,Content is copyright CircuitDigest.com. Educational use only. No redistribution without permission. Source URL linked only.
58,unknown,CircuitDigest proprietary,no,Content is copyright CircuitDigest.com. Educational use only. No redistribution without permission. Source URL linked only.
59,unknown,CircuitDigest proprietary,no,Content is copyright CircuitDigest.com. Educational use only. No redistribution without permission. Source URL linked only.
60,unknown,CircuitDigest proprietary,no,Content is copyright CircuitDigest.com. Educational use only. No redistribution without permission. Source URL linked only.
61,unknown,CircuitDigest proprietary,no,Content is copyright CircuitDigest.com. Educational use only. No redistribution without permission. Source URL linked only.
62,unknown,CircuitDigest proprietary,no,Content is copyright CircuitDigest.com. Educational use only. No redistribution without permission. Source URL linked only.
63,unknown,CircuitDigest proprietary,no,Content is copyright CircuitDigest.com. Educational use only. No redistribution without permission. Source URL linked only.
64,unknown,CircuitDigest proprietary,no,Content is copyright CircuitDigest.com. Educational use only. No redistribution without permission. Source URL linked only.
65,unknown,CircuitDigest proprietary,no,Content is copyright CircuitDigest.com. Educational use only. No redistribution without permission. Source URL linked only.
66,unknown,CircuitDigest proprietary,no,Content is copyright CircuitDigest.com. Educational use only. No redistribution without permission. Source URL linked only.
67,unknown,CircuitDigest proprietary,no,Content is copyright CircuitDigest.com. Educational use only. No redistribution without permission. Source URL linked only.
68,unknown,CircuitDigest proprietary,no,Content is copyright CircuitDigest.com. Educational use only. No redistribution without permission. Source URL linked only.
69,unknown,CircuitDigest proprietary,no,Content is copyright CircuitDigest.com. Educational use only. No redistribution without permission. Source URL linked only.
70,unknown,CircuitDigest proprietary,no,Content is copyright CircuitDigest.com. Educational use only. No redistribution without permission. Source URL linked only.
71,unknown,CircuitDigest proprietary,no,Content is copyright CircuitDigest.com. Educational use only. No redistribution without permission. Source URL linked only.
72,unknown,CircuitDigest proprietary,no,Content is copyright CircuitDigest.com. Educational use only. No redistribution without permission. Source URL linked only.
73,unknown,CircuitDigest proprietary,no,Content is copyright CircuitDigest.com. Educational use only. No redistribution without permission. Source URL linked only.
74,unknown,CircuitDigest proprietary,no,Content is copyright CircuitDigest.com. Educational use only. No redistribution without permission. Source URL linked only.
75,unknown,CircuitDigest proprietary,no,Content is copyright CircuitDigest.com. Educational use only. No redistribution without permission. Source URL linked only.
76,unknown,CircuitDigest proprietary,no,Content is copyright CircuitDigest.com. Educational use only. No redistribution without permission. Source URL linked only.
77,unknown,CircuitDigest proprietary,no,Content is copyright CircuitDigest.com. Educational use only. No redistribution without permission. Source URL linked only.
78,unknown,CircuitDigest proprietary,no,Content is copyright CircuitDigest.com. Educational use only. No redistribution without permission. Source URL linked only.
79,unknown,CircuitDigest proprietary,no,Content is copyright CircuitDigest.com. Educational use only. No redistribution without permission. Source URL linked only.
80,unknown,CircuitDigest proprietary,no,Content is copyright CircuitDigest.com. Educational use only. No redistribution without permission. Source URL linked only.
81,unknown,CircuitDigest proprietary,no,Content is copyright CircuitDigest.com. Educational use only. No redistribution without permission. Source URL linked only.
82,unknown,CircuitDigest proprietary,no,Content is copyright CircuitDigest.com. Educational use only. No redistribution without permission. Source URL linked only.
83,unknown,CircuitDigest proprietary,no,Content is copyright CircuitDigest.com. Educational use only. No redistribution without permission. Source URL linked only.
84,unknown,CircuitDigest proprietary,no,Content is copyright CircuitDigest.com. Educational use only. No redistribution without permission. Source URL linked only.
85,unknown,CircuitDigest proprietary,no,Content is copyright CircuitDigest.com. Educational use only. No redistribution without permission. Source URL linked only.
86,unknown,CircuitDigest proprietary,no,Content is copyright CircuitDigest.com. Educational use only. No redistribution without permission. Source URL linked only.
87,unknown,CircuitDigest proprietary,no,Content is copyright CircuitDigest.com. Educational use only. No redistribution without permission. Source URL linked only.
88,unknown,CircuitDigest proprietary,no,Content is copyright CircuitDigest.com. Educational use only. No redistribution without permission. Source URL linked only.
89,unknown,CircuitDigest proprietary,no,Content is copyright CircuitDigest.com. Educational use only. No redistribution without permission. Source URL linked only.
90,unknown,CircuitDigest proprietary,no,Content is copyright CircuitDigest.com. Educational use only. No redistribution without permission. Source URL linked only.
91,unknown,CircuitDigest proprietary,no,Content is copyright CircuitDigest.com. Educational use only. No redistribution without permission. Source URL linked only.
92,unknown,CircuitDigest proprietary,no,Content is copyright CircuitDigest.com. Educational use only. No redistribution without permission. Source URL linked only.
93,unknown,CircuitDigest proprietary,no,Content is copyright CircuitDigest.com. Educational use only. No redistribution without permission. Source URL linked only.
94,unknown,CircuitDigest proprietary,no,Content is copyright CircuitDigest.com. Educational use only. No redistribution without permission. Source URL linked only.
95,unknown,CircuitDigest proprietary,no,Content is copyright CircuitDigest.com. Educational use only. No redistribution without permission. Source URL linked only.
96,unknown,CircuitDigest proprietary,no,Content is copyright CircuitDigest.com. Educational use only. No redistribution without permission. Source URL linked only.
97,unknown,CircuitDigest proprietary,no,Content is copyright CircuitDigest.com. Educational use only. No redistribution without permission. Source URL linked only.
98,unknown,CircuitDigest proprietary,no,Content is copyright CircuitDigest.com. Educational use only. No redistribution without permission. Source URL linked only.
99,unknown,CircuitDigest proprietary,no,Content is copyright CircuitDigest.com. Educational use only. No redistribution without permission. Source URL linked only.
100,unknown,CircuitDigest proprietary,no,Content is copyright CircuitDigest.com. Educational use only. No redistribution without permission. Source URL linked only.
101,unknown,CircuitDigest proprietary,no,Content is copyright CircuitDigest.com. Educational use only. No redistribution without permission. Source URL linked only.
102,unknown,CircuitDigest proprietary,no,Content is copyright CircuitDigest.com. Educational use only. No redistribution without permission. Source URL linked only.
103,unknown,CircuitDigest proprietary,no,Content is copyright CircuitDigest.com. Educational use only. No redistribution without permission. Source URL linked only.
104,unknown,CircuitDigest proprietary,no,Content is copyright CircuitDigest.com. Educational use only. No redistribution without permission. Source URL linked only.
105,unknown,CircuitDigest proprietary,no,Content is copyright CircuitDigest.com. Educational use only. No redistribution without permission. Source URL linked only.
106,unknown,CircuitDigest proprietary,no,Content is copyright CircuitDigest.com. Educational use only. No redistribution without permission. Source URL linked only.
107,unknown,CircuitDigest proprietary,no,Content is copyright CircuitDigest.com. Educational use only. No redistribution without permission. Source URL linked only.
108,unknown,CircuitDigest proprietary,no,Content is copyright CircuitDigest.com. Educational use only. No redistribution without permission. Source URL linked only.
109,unknown,CircuitDigest proprietary,no,Content is copyright CircuitDigest.com. Educational use only. No redistribution without permission. Source URL linked only.
110,unknown,CircuitDigest proprietary,no,Content is copyright CircuitDigest.com. Educational use only. No redistribution without permission. Source URL linked only.
111,unknown,CircuitDigest proprietary,no,Content is copyright CircuitDigest.com. Educational use only. No redistribution without permission. Source URL linked only.
112,unknown,CircuitDigest proprietary,no,Content is copyright CircuitDigest.com. Educational use only. No redistribution without permission. Source URL linked only.
113,unknown,CircuitDigest proprietary,no,Content is copyright CircuitDigest.com. Educational use only. No redistribution without permission. Source URL linked only.
114,unknown,CircuitDigest proprietary,no,Content is copyright CircuitDigest.com. Educational use only. No redistribution without permission. Source URL linked only.
115,unknown,CircuitDigest proprietary,no,Content is copyright CircuitDigest.com. Educational use only. No redistribution without permission. Source URL linked only.
116,unknown,CircuitDigest proprietary,no,Content is copyright CircuitDigest.com. Educational use only. No redistribution without permission. Source URL linked only.
117,unknown,CircuitDigest proprietary,no,Content is copyright CircuitDigest.com. Educational use only. No redistribution without permission. Source URL linked only.
118,unknown,CircuitDigest proprietary,no,Content is copyright CircuitDigest.com. Educational use only. No redistribution without permission. Source URL linked only.
119,unknown,CircuitDigest proprietary,no,Content is copyright CircuitDigest.com. Educational use only. No redistribution without permission. Source URL linked only.
120,unknown,CircuitDigest proprietary,no,Content is copyright CircuitDigest.com. Educational use only. No redistribution without permission. Source URL linked only.
121,unknown,CircuitDigest proprietary,no,Content is copyright CircuitDigest.com. Educational use only. No redistribution without permission. Source URL linked only.
122,unknown,CircuitDigest proprietary,no,Content is copyright CircuitDigest.com. Educational use only. No redistribution without permission. Source URL linked only.
123,unknown,CircuitDigest proprietary,no,Content is copyright CircuitDigest.com. Educational use only. No redistribution without permission. Source URL linked only.
124,unknown,CircuitDigest proprietary,no,Content is copyright CircuitDigest.com. Educational use only. No redistribution without permission. Source URL linked only.
125,unknown,CircuitDigest proprietary,no,Content is copyright CircuitDigest.com. Educational use only. No redistribution without permission. Source URL linked only.
126,unknown,CircuitDigest proprietary,no,Content is copyright CircuitDigest.com. Educational use only. No redistribution without permission. Source URL linked only.
127,unknown,CircuitDigest proprietary,no,Content is copyright CircuitDigest.com. Educational use only. No redistribution without permission. Source URL linked only.
128,unknown,CircuitDigest proprietary,no,Content is copyright CircuitDigest.com. Educational use only. No redistribution without permission. Source URL linked only.
129,unknown,CircuitDigest proprietary,no,Content is copyright CircuitDigest.com. Educational use only. No redistribution without permission. Source URL linked only.
130,unknown,CircuitDigest proprietary,no,Content is copyright CircuitDigest.com. Educational use only. No redistribution without permission. Source URL linked only.
131,unknown,CircuitDigest proprietary,no,Content is copyright CircuitDigest.com. Educational use only. No redistribution without permission. Source URL linked only.
132,unknown,CircuitDigest proprietary,no,Content is copyright CircuitDigest.com. Educational use only. No redistribution without permission. Source URL linked only.
133,unknown,CircuitDigest proprietary,no,Content is copyright CircuitDigest.com. Educational use only. No redistribution without permission. Source URL linked only.
134,unknown,CircuitDigest proprietary,no,Content is copyright CircuitDigest.com. Educational use only. No redistribution without permission. Source URL linked only.
135,unknown,CircuitDigest proprietary,no,Content is copyright CircuitDigest.com. Educational use only. No redistribution without permission. Source URL linked only.
136,unknown,CircuitDigest proprietary,no,Content is copyright CircuitDigest.com. Educational use only. No redistribution without permission. Source URL linked only.
137,unknown,CircuitDigest proprietary,no,Content is copyright CircuitDigest.com. Educational use only. No redistribution without permission. Source URL linked only.
138,unknown,CircuitDigest proprietary,no,Content is copyright CircuitDigest.com. Educational use only. No redistribution without permission. Source URL linked only.
139,unknown,CircuitDigest proprietary,no,Content is copyright CircuitDigest.com. Educational use only. No redistribution without permission. Source URL linked only.
140,unknown,CircuitDigest proprietary,no,Content is copyright CircuitDigest.com. Educational use only. No redistribution without permission. Source URL linked only.
141,unknown,CircuitDigest proprietary,no,Content is copyright CircuitDigest.com. Educational use only. No redistribution without permission. Source URL linked only.
142,unknown,CircuitDigest proprietary,no,Content is copyright CircuitDigest.com. Educational use only. No redistribution without permission. Source URL linked only.
143,unknown,CircuitDigest proprietary,no,Content is copyright CircuitDigest.com. Educational use only. No redistribution without permission. Source URL linked only.
144,unknown,CircuitDigest proprietary,no,Content is copyright CircuitDigest.com. Educational use only. No redistribution without permission. Source URL linked only.
145,unknown,CircuitDigest proprietary,no,Content is copyright CircuitDigest.com. Educational use only. No redistribution without permission. Source URL linked only.
146,unknown,CircuitDigest proprietary,no,Content is copyright CircuitDigest.com. Educational use only. No redistribution without permission. Source URL linked only.
147,unknown,CircuitDigest proprietary,no,Content is copyright CircuitDigest.com. Educational use only. No redistribution without permission. Source URL linked only.
148,unknown,CircuitDigest proprietary,no,Content is copyright CircuitDigest.com. Educational use only. No redistribution without permission. Source URL linked only.
149,unknown,CircuitDigest proprietary,no,Content is copyright CircuitDigest.com. Educational use only. No redistribution without permission. Source URL linked only.
150,unknown,CircuitDigest proprietary,no,Content is copyright CircuitDigest.com. Educational use only. No redistribution without permission. Source URL linked only.
151,unknown,CircuitDigest proprietary,no,Content is copyright CircuitDigest.com. Educational use only. No redistribution without permission. Source URL linked only.
152,unknown,CircuitDigest proprietary,no,Content is copyright CircuitDigest.com. Educational use only. No redistribution without permission. Source URL linked only.
153,unknown,CircuitDigest proprietary,no,Content is copyright CircuitDigest.com. Educational use only. No redistribution without permission. Source URL linked only.
154,unknown,CircuitDigest proprietary,no,Content is copyright CircuitDigest.com. Educational use only. No redistribution without permission. Source URL linked only.
155,unknown,CircuitDigest proprietary,no,Content is copyright CircuitDigest.com. Educational use only. No redistribution without permission. Source URL linked only.
156,unknown,CircuitDigest proprietary,no,Content is copyright CircuitDigest.com. Educational use only. No redistribution without permission. Source URL linked only.
157,unknown,CircuitDigest proprietary,no,Content is copyright CircuitDigest.com. Educational use only. No redistribution without permission. Source URL linked only.
158,unknown,CircuitDigest proprietary,no,Content is copyright CircuitDigest.com. Educational use only. No redistribution without permission. Source URL linked only.
159,unknown,CircuitDigest proprietary,no,Content is copyright CircuitDigest.com. Educational use only. No redistribution without permission. Source URL linked only.
160,unknown,CircuitDigest proprietary,no,Content is copyright CircuitDigest.com. Educational use only. No redistribution without permission. Source URL linked only.
161,unknown,CircuitDigest proprietary,no,Content is copyright CircuitDigest.com. Educational use only. No redistribution without permission. Source URL linked only.
162,unknown,CircuitDigest proprietary,no,Content is copyright CircuitDigest.com. Educational use only. No redistribution without permission. Source URL linked only.
163,unknown,CircuitDigest proprietary,no,Content is copyright CircuitDigest.com. Educational use only. No redistribution without permission. Source URL linked only.
164,unknown,CircuitDigest proprietary,no,Content is copyright CircuitDigest.com. Educational use only. No redistribution without permission. Source URL linked only.
165,unknown,CircuitDigest proprietary,no,Content is copyright CircuitDigest.com. Educational use only. No redistribution without permission. Source URL linked only.
166,unknown,CircuitDigest proprietary,no,Content is copyright CircuitDigest.com. Educational use only. No redistribution without permission. Source URL linked only.
167,unknown,CircuitDigest proprietary,no,Content is copyright CircuitDigest.com. Educational use only. No redistribution without permission. Source URL linked only.
168,unknown,CircuitDigest proprietary,no,Content is copyright CircuitDigest.com. Educational use only. No redistribution without permission. Source URL linked only.
169,unknown,CircuitDigest proprietary,no,Content is copyright CircuitDigest.com. Educational use only. No redistribution without permission. Source URL linked only.
170,unknown,CircuitDigest proprietary,no,Content is copyright CircuitDigest.com. Educational use only. No redistribution without permission. Source URL linked only.
171,unknown,CircuitDigest proprietary,no,Content is copyright CircuitDigest.com. Educational use only. No redistribution without permission. Source URL linked only.
172,unknown,CircuitDigest proprietary,no,Content is copyright CircuitDigest.com. Educational use only. No redistribution without permission. Source URL linked only.
173,unknown,CircuitDigest proprietary,no,Content is copyright CircuitDigest.com. Educational use only. No redistribution without permission. Source URL linked only.
174,unknown,CircuitDigest proprietary,no,Content is copyright CircuitDigest.com. Educational use only. No redistribution without permission. Source URL linked only.
175,unknown,CircuitDigest proprietary,no,Content is copyright CircuitDigest.com. Educational use only. No redistribution without permission. Source URL linked only.
177,unknown,CircuitDigest proprietary,no,Content is copyright CircuitDigest.com. Educational use only. No redistribution without permission. Source URL linked only.
178,unknown,CircuitDigest proprietary,no,Content is copyright CircuitDigest.com. Educational use only. No redistribution without permission. Source URL linked only.
179,unknown,CircuitDigest proprietary,no,Content is copyright CircuitDigest.com. Educational use only. No redistribution without permission. Source URL linked only.
180,unknown,CircuitDigest proprietary,no,Content is copyright CircuitDigest.com. Educational use only. No redistribution without permission. Source URL linked only.
181,unknown,CircuitDigest proprietary,no,Content is copyright CircuitDigest.com. Educational use only. No redistribution without permission. Source URL linked only.
182,unknown,CircuitDigest proprietary,no,Content is copyright CircuitDigest.com. Educational use only. No redistribution without permission. Source URL linked only.
183,unknown,CircuitDigest proprietary,no,Content is copyright CircuitDigest.com. Educational use only. No redistribution without permission. Source URL linked only.
184,unknown,CircuitDigest proprietary,no,Content is copyright CircuitDigest.com. Educational use only. No redistribution without permission. Source URL linked only.
185,unknown,CircuitDigest proprietary,no,Content is copyright CircuitDigest.com. Educational use only. No redistribution without permission. Source URL linked only.
186,unknown,CircuitDigest proprietary,no,Content is copyright CircuitDigest.com. Educational use only. No redistribution without permission. Source URL linked only.
187,unknown,CircuitDigest proprietary,no,Content is copyright CircuitDigest.com. Educational use only. No redistribution without permission. Source URL linked only.
188,unknown,CircuitDigest proprietary,no,Content is copyright CircuitDigest.com. Educational use only. No redistribution without permission. Source URL linked only.
189,unknown,CircuitDigest proprietary,no,Content is copyright CircuitDigest.com. Educational use only. No redistribution without permission. Source URL linked only.
190,unknown,CircuitDigest proprietary,no,Content is copyright CircuitDigest.com. Educational use only. No redistribution without permission. Source URL linked only.
191,unknown,CircuitDigest proprietary,no,Content is copyright CircuitDigest.com. Educational use only. No redistribution without permission. Source URL linked only.
192,unknown,CircuitDigest proprietary,no,Content is copyright CircuitDigest.com. Educational use only. No redistribution without permission. Source URL linked only.
193,unknown,CircuitDigest proprietary,no,Content is copyright CircuitDigest.com. Educational use only. No redistribution without permission. Source URL linked only.
194,unknown,CircuitDigest proprietary,no,Content is copyright CircuitDigest.com. Educational use only. No redistribution without permission. Source URL linked only.
195,unknown,CircuitDigest proprietary,no,Content is copyright CircuitDigest.com. Educational use only. No redistribution without permission. Source URL linked only.
196,unknown,CircuitDigest proprietary,no,Content is copyright CircuitDigest.com. Educational use only. No redistribution without permission. Source URL linked only.
197,unknown,CircuitDigest proprietary,no,Content is copyright CircuitDigest.com. Educational use only. No redistribution without permission. Source URL linked only.
198,unknown,CircuitDigest proprietary,no,Content is copyright CircuitDigest.com. Educational use only. No redistribution without permission. Source URL linked only.
199,unknown,CircuitDigest proprietary,no,Content is copyright CircuitDigest.com. Educational use only. No redistribution without permission. Source URL linked only.
200,unknown,CircuitDigest proprietary,no,Content is copyright CircuitDigest.com. Educational use only. No redistribution without permission. Source URL linked only.
201,unknown,CircuitDigest proprietary,no,Content is copyright CircuitDigest.com. Educational use only. No redistribution without permission. Source URL linked only.
202,unknown,CircuitDigest proprietary,no,Content is copyright CircuitDigest.com. Educational use only. No redistribution without permission. Source URL linked only.
203,unknown,CircuitDigest proprietary,no,Content is copyright CircuitDigest.com. Educational use only. No redistribution without permission. Source URL linked only.
204,unknown,CircuitDigest proprietary,no,Content is copyright CircuitDigest.com. Educational use only. No redistribution without permission. Source URL linked only.
205,unknown,CircuitDigest proprietary,no,Content is copyright CircuitDigest.com. Educational use only. No redistribution without permission. Source URL linked only.
206,unknown,CircuitDigest proprietary,no,Content is copyright CircuitDigest.com. Educational use only. No redistribution without permission. Source URL linked only.
207,unknown,CircuitDigest proprietary,no,Content is copyright CircuitDigest.com. Educational use only. No redistribution without permission. Source URL linked only.
208,unknown,CircuitDigest proprietary,no,Content is copyright CircuitDigest.com. Educational use only. No redistribution without permission. Source URL linked only.
209,unknown,CircuitDigest proprietary,no,Content is copyright CircuitDigest.com. Educational use only. No redistribution without permission. Source URL linked only.
210,unknown,CircuitDigest proprietary,no,Content is copyright CircuitDigest.com. Educational use only. No redistribution without permission. Source URL linked only.
211,unknown,CircuitDigest proprietary,no,Content is copyright CircuitDigest.com. Educational use only. No redistribution without permission. Source URL linked only.
212,unknown,CircuitDigest proprietary,no,Content is copyright CircuitDigest.com. Educational use only. No redistribution without permission. Source URL linked only.
213,unknown,CircuitDigest proprietary,no,Content is copyright CircuitDigest.com. Educational use only. No redistribution without permission. Source URL linked only.
214,unknown,CircuitDigest proprietary,no,Content is copyright CircuitDigest.com. Educational use only. No redistribution without permission. Source URL linked only.
215,unknown,CircuitDigest proprietary,no,Content is copyright CircuitDigest.com. Educational use only. No redistribution without permission. Source URL linked only.
216,unknown,CircuitDigest proprietary,no,Content is copyright CircuitDigest.com. Educational use only. No redistribution without permission. Source URL linked only.
217,unknown,CircuitDigest proprietary,no,Content is copyright CircuitDigest.com. Educational use only. No redistribution without permission. Source URL linked only.
218,unknown,CircuitDigest proprietary,no,Content is copyright CircuitDigest.com. Educational use only. No redistribution without permission. Source URL linked only.
219,unknown,CircuitDigest proprietary,no,Content is copyright CircuitDigest.com. Educational use only. No redistribution without permission. Source URL linked only.
220,unknown,CircuitDigest proprietary,no,Content is copyright CircuitDigest.com. Educational use only. No redistribution without permission. Source URL linked only.
221,unknown,CircuitDigest proprietary,no,Content is copyright CircuitDigest.com. Educational use only. No redistribution without permission. Source URL linked only.
222,unknown,CircuitDigest proprietary,no,Content is copyright CircuitDigest.com. Educational use only. No redistribution without permission. Source URL linked only.
223,unknown,CircuitDigest proprietary,no,Content is copyright CircuitDigest.com. Educational use only. No redistribution without permission. Source URL linked only.
224,unknown,CircuitDigest proprietary,no,Content is copyright CircuitDigest.com. Educational use only. No redistribution without permission. Source URL linked only.
225,unknown,CircuitDigest proprietary,no,Content is copyright CircuitDigest.com. Educational use only. No redistribution without permission. Source URL linked only.
226,unknown,CircuitDigest proprietary,no,Content is copyright CircuitDigest.com. Educational use only. No redistribution without permission. Source URL linked only.
227,unknown,CircuitDigest proprietary,no,Content is copyright CircuitDigest.com. Educational use only. No redistribution without permission. Source URL linked only.
228,unknown,CircuitDigest proprietary,no,Content is copyright CircuitDigest.com. Educational use only. No redistribution without permission. Source URL linked only.
229,unknown,CircuitDigest proprietary,no,Content is copyright CircuitDigest.com. Educational use only. No redistribution without permission. Source URL linked only.
230,unknown,CircuitDigest proprietary,no,Content is copyright CircuitDigest.com. Educational use only. No redistribution without permission. Source URL linked only.
231,unknown,CircuitDigest proprietary,no,Content is copyright CircuitDigest.com. Educational use only. No redistribution without permission. Source URL linked only.
232,unknown,CircuitDigest proprietary,no,Content is copyright CircuitDigest.com. Educational use only. No redistribution without permission. Source URL linked only.
233,unknown,CircuitDigest proprietary,no,Content is copyright CircuitDigest.com. Educational use only. No redistribution without permission. Source URL linked only.
234,unknown,CircuitDigest proprietary,no,Content is copyright CircuitDigest.com. Educational use only. No redistribution without permission. Source URL linked only.
235,unknown,CircuitDigest proprietary,no,Content is copyright CircuitDigest.com. Educational use only. No redistribution without permission. Source URL linked only.
236,unknown,CircuitDigest proprietary,no,Content is copyright CircuitDigest.com. Educational use only. No redistribution without permission. Source URL linked only.
237,unknown,CircuitDigest proprietary,no,Content is copyright CircuitDigest.com. Educational use only. No redistribution without permission. Source URL linked only.
238,unknown,CircuitDigest proprietary,no,Content is copyright CircuitDigest.com. Educational use only. No redistribution without permission. Source URL linked only.
239,unknown,CircuitDigest proprietary,no,Content is copyright CircuitDigest.com. Educational use only. No redistribution without permission. Source URL linked only.
240,unknown,CircuitDigest proprietary,no,Content is copyright CircuitDigest.com. Educational use only. No redistribution without permission. Source URL linked only.
241,unknown,CircuitDigest proprietary,no,Content is copyright CircuitDigest.com. Educational use only. No redistribution without permission. Source URL linked only.
242,unknown,CircuitDigest proprietary,no,Content is copyright CircuitDigest.com. Educational use only. No redistribution without permission. Source URL linked only.
243,unknown,CircuitDigest proprietary,no,Content is copyright CircuitDigest.com. Educational use only. No redistribution without permission. Source URL linked only.
244,unknown,CircuitDigest proprietary,no,Content is copyright CircuitDigest.com. Educational use only. No redistribution without permission. Source URL linked only.
245,unknown,CircuitDigest proprietary,no,Content is copyright CircuitDigest.com. Educational use only. No redistribution without permission. Source URL linked only.
246,unknown,CircuitDigest proprietary,no,Content is copyright CircuitDigest.com. Educational use only. No redistribution without permission. Source URL linked only.
247,unknown,CircuitDigest proprietary,no,Content is copyright CircuitDigest.com. Educational use only. No redistribution without permission. Source URL linked only.
248,unknown,CircuitDigest proprietary,no,Content is copyright CircuitDigest.com. Educational use only. No redistribution without permission. Source URL linked only.
249,unknown,CircuitDigest proprietary,no,Content is copyright CircuitDigest.com. Educational use only. No redistribution without permission. Source URL linked only.
250,unknown,CircuitDigest proprietary,no,Content is copyright CircuitDigest.com. Educational use only. No redistribution without permission. Source URL linked only.
251,unknown,CircuitDigest proprietary,no,Content is copyright CircuitDigest.com. Educational use only. No redistribution without permission. Source URL linked only.
252,unknown,CircuitDigest proprietary,no,Content is copyright CircuitDigest.com. Educational use only. No redistribution without permission. Source URL linked only.
253,unknown,CircuitDigest proprietary,no,Content is copyright CircuitDigest.com. Educational use only. No redistribution without permission. Source URL linked only.
254,unknown,CircuitDigest proprietary,no,Content is copyright CircuitDigest.com. Educational use only. No redistribution without permission. Source URL linked only.
255,unknown,CircuitDigest proprietary,no,Content is copyright CircuitDigest.com. Educational use only. No redistribution without permission. Source URL linked only.
256,unknown,CircuitDigest proprietary,no,Content is copyright CircuitDigest.com. Educational use only. No redistribution without permission. Source URL linked only.
257,unknown,CircuitDigest proprietary,no,Content is copyright CircuitDigest.com. Educational use only. No redistribution without permission. Source URL linked only.
258,unknown,CircuitDigest proprietary,no,Content is copyright CircuitDigest.com. Educational use only. No redistribution without permission. Source URL linked only.
259,unknown,CircuitDigest proprietary,no,Content is copyright CircuitDigest.com. Educational use only. No redistribution without permission. Source URL linked only.
260,unknown,CircuitDigest proprietary,no,Content is copyright CircuitDigest.com. Educational use only. No redistribution without permission. Source URL linked only.
261,unknown,CircuitDigest proprietary,no,Content is copyright CircuitDigest.com. Educational use only. No redistribution without permission. Source URL linked only.
262,unknown,CircuitDigest proprietary,no,Content is copyright CircuitDigest.com. Educational use only. No redistribution without permission. Source URL linked only.
263,unknown,CircuitDigest proprietary,no,Content is copyright CircuitDigest.com. Educational use only. No redistribution without permission. Source URL linked only.
264,unknown,CircuitDigest proprietary,no,Content is copyright CircuitDigest.com. Educational use only. No redistribution without permission. Source URL linked only.
265,unknown,CircuitDigest proprietary,no,Content is copyright CircuitDigest.com. Educational use only. No redistribution without permission. Source URL linked only.
266,unknown,CircuitDigest proprietary,no,Content is copyright CircuitDigest.com. Educational use only. No redistribution without permission. Source URL linked only.
267,unknown,CircuitDigest proprietary,no,Content is copyright CircuitDigest.com. Educational use only. No redistribution without permission. Source URL linked only.
268,unknown,CircuitDigest proprietary,no,Content is copyright CircuitDigest.com. Educational use only. No redistribution without permission. Source URL linked only.
269,unknown,CircuitDigest proprietary,no,Content is copyright CircuitDigest.com. Educational use only. No redistribution without permission. Source URL linked only.
270,unknown,CircuitDigest proprietary,no,Content is copyright CircuitDigest.com. Educational use only. No redistribution without permission. Source URL linked only.
271,unknown,CircuitDigest proprietary,no,Content is copyright CircuitDigest.com. Educational use only. No redistribution without permission. Source URL linked only.
272,unknown,CircuitDigest proprietary,no,Content is copyright CircuitDigest.com. Educational use only. No redistribution without permission. Source URL linked only.
273,unknown,CircuitDigest proprietary,no,Content is copyright CircuitDigest.com. Educational use only. No redistribution without permission. Source URL linked only.
274,unknown,CircuitDigest proprietary,no,Content is copyright CircuitDigest.com. Educational use only. No redistribution without permission. Source URL linked only.
275,unknown,CircuitDigest proprietary,no,Content is copyright CircuitDigest.com. Educational use only. No redistribution without permission. Source URL linked only.
276,unknown,CircuitDigest proprietary,no,Content is copyright CircuitDigest.com. Educational use only. No redistribution without permission. Source URL linked only.
277,unknown,CircuitDigest proprietary,no,Content is copyright CircuitDigest.com. Educational use only. No redistribution without permission. Source URL linked only.
278,unknown,CircuitDigest proprietary,no,Content is copyright CircuitDigest.com. Educational use only. No redistribution without permission. Source URL linked only.
279,unknown,CircuitDigest proprietary,no,Content is copyright CircuitDigest.com. Educational use only. No redistribution without permission. Source URL linked only.
280,unknown,CircuitDigest proprietary,no,Content is copyright CircuitDigest.com. Educational use only. No redistribution without permission. Source URL linked only.
281,unknown,CircuitDigest proprietary,no,Content is copyright CircuitDigest.com. Educational use only. No redistribution without permission. Source URL linked only.
282,unknown,CircuitDigest proprietary,no,Content is copyright CircuitDigest.com. Educational use only. No redistribution without permission. Source URL linked only.
283,unknown,CircuitDigest proprietary,no,Content is copyright CircuitDigest.com. Educational use only. No redistribution without permission. Source URL linked only.
284,unknown,CircuitDigest proprietary,no,Content is copyright CircuitDigest.com. Educational use only. No redistribution without permission. Source URL linked only.
285,unknown,CircuitDigest proprietary,no,Content is copyright CircuitDigest.com. Educational use only. No redistribution without permission. Source URL linked only.
286,unknown,CircuitDigest proprietary,no,Content is copyright CircuitDigest.com. Educational use only. No redistribution without permission. Source URL linked only.
287,unknown,CircuitDigest proprietary,no,Content is copyright CircuitDigest.com. Educational use only. No redistribution without permission. Source URL linked only.
288,unknown,CircuitDigest proprietary,no,Content is copyright CircuitDigest.com. Educational use only. No redistribution without permission. Source URL linked only.
289,unknown,CircuitDigest proprietary,no,Content is copyright CircuitDigest.com. Educational use only. No redistribution without permission. Source URL linked only.
290,unknown,CircuitDigest proprietary,no,Content is copyright CircuitDigest.com. Educational use only. No redistribution without permission. Source URL linked only.
291,unknown,CircuitDigest proprietary,no,Content is copyright CircuitDigest.com. Educational use only. No redistribution without permission. Source URL linked only.
292,unknown,CircuitDigest proprietary,no,Content is copyright CircuitDigest.com. Educational use only. No redistribution without permission. Source URL linked only.
293,unknown,CircuitDigest proprietary,no,Content is copyright CircuitDigest.com. Educational use only. No redistribution without permission. Source URL linked only.
294,unknown,CircuitDigest proprietary,no,Content is copyright CircuitDigest.com. Educational use only. No redistribution without permission. Source URL linked only.
295,unknown,CircuitDigest proprietary,no,Content is copyright CircuitDigest.com. Educational use only. No redistribution without permission. Source URL linked only.
296,unknown,CircuitDigest proprietary,no,Content is copyright CircuitDigest.com. Educational use only. No redistribution without permission. Source URL linked only.
297,unknown,CircuitDigest proprietary,no,Content is copyright CircuitDigest.com. Educational use only. No redistribution without permission. Source URL linked only.
298,unknown,CircuitDigest proprietary,no,Content is copyright CircuitDigest.com. Educational use only. No redistribution without permission. Source URL linked only.
299,unknown,CircuitDigest proprietary,no,Content is copyright CircuitDigest.com. Educational use only. No redistribution without permission. Source URL linked only.
300,unknown,CircuitDigest proprietary,no,Content is copyright CircuitDigest.com. Educational use only. No redistribution without permission. Source URL linked only.
301,unknown,CircuitDigest proprietary,no,Content is copyright CircuitDigest.com. Educational use only. No redistribution without permission. Source URL linked only.
302,unknown,CircuitDigest proprietary,no,Content is copyright CircuitDigest.com. Educational use only. No redistribution without permission. Source URL linked only.
303,unknown,CircuitDigest proprietary,no,Content is copyright CircuitDigest.com. Educational use only. No redistribution without permission. Source URL linked only.
304,unknown,CircuitDigest proprietary,no,Content is copyright CircuitDigest.com. Educational use only. No redistribution without permission. Source URL linked only.
305,unknown,CircuitDigest proprietary,no,Content is copyright CircuitDigest.com. Educational use only. No redistribution without permission. Source URL linked only.
306,unknown,CircuitDigest proprietary,no,Content is copyright CircuitDigest.com. Educational use only. No redistribution without permission. Source URL linked only.
307,unknown,CircuitDigest proprietary,no,Content is copyright CircuitDigest.com. Educational use only. No redistribution without permission. Source URL linked only.
308,unknown,CircuitDigest proprietary,no,Content is copyright CircuitDigest.com. Educational use only. No redistribution without permission. Source URL linked only.
309,unknown,CircuitDigest proprietary,no,Content is copyright CircuitDigest.com. Educational use only. No redistribution without permission. Source URL linked only.
310,unknown,CircuitDigest proprietary,no,Content is copyright CircuitDigest.com. Educational use only. No redistribution without permission. Source URL linked only.
311,unknown,CircuitDigest proprietary,no,Content is copyright CircuitDigest.com. Educational use only. No redistribution without permission. Source URL linked only.
312,unknown,CircuitDigest proprietary,no,Content is copyright CircuitDigest.com. Educational use only. No redistribution without permission. Source URL linked only.
313,unknown,CircuitDigest proprietary,no,Content is copyright CircuitDigest.com. Educational use only. No redistribution without permission. Source URL linked only.
314,unknown,CircuitDigest proprietary,no,Content is copyright CircuitDigest.com. Educational use only. No redistribution without permission. Source URL linked only.
315,unknown,CircuitDigest proprietary,no,Content is copyright CircuitDigest.com. Educational use only. No redistribution without permission. Source URL linked only.
316,unknown,CircuitDigest proprietary,no,Content is copyright CircuitDigest.com. Educational use only. No redistribution without permission. Source URL linked only.
317,unknown,CircuitDigest proprietary,no,Content is copyright CircuitDigest.com. Educational use only. No redistribution without permission. Source URL linked only.
318,unknown,CircuitDigest proprietary,no,Content is copyright CircuitDigest.com. Educational use only. No redistribution without permission. Source URL linked only.
319,unknown,CircuitDigest proprietary,no,Content is copyright CircuitDigest.com. Educational use only. No redistribution without permission. Source URL linked only.
320,unknown,CircuitDigest proprietary,no,Content is copyright CircuitDigest.com. Educational use only. No redistribution without permission. Source URL linked only.
321,unknown,CircuitDigest proprietary,no,Content is copyright CircuitDigest.com. Educational use only. No redistribution without permission. Source URL linked only.
322,unknown,CircuitDigest proprietary,no,Content is copyright CircuitDigest.com. Educational use only. No redistribution without permission. Source URL linked only.
323,unknown,CircuitDigest proprietary,no,Content is copyright CircuitDigest.com. Educational use only. No redistribution without permission. Source URL linked only.
324,unknown,CircuitDigest proprietary,no,Content is copyright CircuitDigest.com. Educational use only. No redistribution without permission. Source URL linked only.
325,unknown,CircuitDigest proprietary,no,Content is copyright CircuitDigest.com. Educational use only. No redistribution without permission. Source URL linked only.
326,unknown,CircuitDigest proprietary,no,Content is copyright CircuitDigest.com. Educational use only. No redistribution without permission. Source URL linked only.
327,unknown,CircuitDigest proprietary,no,Content is copyright CircuitDigest.com. Educational use only. No redistribution without permission. Source URL linked only.
328,unknown,CircuitDigest proprietary,no,Content is copyright CircuitDigest.com. Educational use only. No redistribution without permission. Source URL linked only.
329,unknown,CircuitDigest proprietary,no,Content is copyright CircuitDigest.com. Educational use only. No redistribution without permission. Source URL linked only.
330,unknown,CircuitDigest proprietary,no,Content is copyright CircuitDigest.com. Educational use only. No redistribution without permission. Source URL linked only.
331,unknown,CircuitDigest proprietary,no,Content is copyright CircuitDigest.com. Educational use only. No redistribution without permission. Source URL linked only.
332,unknown,CircuitDigest proprietary,no,Content is copyright CircuitDigest.com. Educational use only. No redistribution without permission. Source URL linked only.
333,unknown,CircuitDigest proprietary,no,Content is copyright CircuitDigest.com. Educational use only. No redistribution without permission. Source URL linked only.
334,unknown,CircuitDigest proprietary,no,Content is copyright CircuitDigest.com. Educational use only. No redistribution without permission. Source URL linked only.
335,unknown,CircuitDigest proprietary,no,Content is copyright CircuitDigest.com. Educational use only. No redistribution without permission. Source URL linked only.
336,unknown,CircuitDigest proprietary,no,Content is copyright CircuitDigest.com. Educational use only. No redistribution without permission. Source URL linked only.
337,unknown,CircuitDigest proprietary,no,Content is copyright CircuitDigest.com. Educational use only. No redistribution without permission. Source URL linked only.
338,unknown,CircuitDigest proprietary,no,Content is copyright CircuitDigest.com. Educational use only. No redistribution without permission. Source URL linked only.
339,unknown,CircuitDigest proprietary,no,Content is copyright CircuitDigest.com. Educational use only. No redistribution without permission. Source URL linked only.
340,unknown,CircuitDigest proprietary,no,Content is copyright CircuitDigest.com. Educational use only. No redistribution without permission. Source URL linked only.
341,unknown,CircuitDigest proprietary,no,Content is copyright CircuitDigest.com. Educational use only. No redistribution without permission. Source URL linked only.
342,unknown,CircuitDigest proprietary,no,Content is copyright CircuitDigest.com. Educational use only. No redistribution without permission. Source URL linked only.
343,unknown,CircuitDigest proprietary,no,Content is copyright CircuitDigest.com. Educational use only. No redistribution without permission. Source URL linked only.
344,unknown,CircuitDigest proprietary,no,Content is copyright CircuitDigest.com. Educational use only. No redistribution without permission. Source URL linked only.
345,unknown,CircuitDigest proprietary,no,Content is copyright CircuitDigest.com. Educational use only. No redistribution without permission. Source URL linked only.
346,unknown,CircuitDigest proprietary,no,Content is copyright CircuitDigest.com. Educational use only. No redistribution without permission. Source URL linked only.
347,unknown,CircuitDigest proprietary,no,Content is copyright CircuitDigest.com. Educational use only. No redistribution without permission. Source URL linked only.
348,unknown,CircuitDigest proprietary,no,Content is copyright CircuitDigest.com. Educational use only. No redistribution without permission. Source URL linked only.
349,unknown,CircuitDigest proprietary,no,Content is copyright CircuitDigest.com. Educational use only. No redistribution without permission. Source URL linked only.
350,unknown,CircuitDigest proprietary,no,Content is copyright CircuitDigest.com. Educational use only. No redistribution without permission. Source URL linked only.
351,unknown,CircuitDigest proprietary,no,Content is copyright CircuitDigest.com. Educational use only. No redistribution without permission. Source URL linked only.
352,unknown,CircuitDigest proprietary,no,Content is copyright CircuitDigest.com. Educational use only. No redistribution without permission. Source URL linked only.
353,unknown,CircuitDigest proprietary,no,Content is copyright CircuitDigest.com. Educational use only. No redistribution without permission. Source URL linked only.
354,unknown,CircuitDigest proprietary,no,Content is copyright CircuitDigest.com. Educational use only. No redistribution without permission. Source URL linked only.
355,unknown,CircuitDigest proprietary,no,Content is copyright CircuitDigest.com. Educational use only. No redistribution without permission. Source URL linked only.
356,unknown,CircuitDigest proprietary,no,Content is copyright CircuitDigest.com. Educational use only. No redistribution without permission. Source URL linked only.
357,unknown,CircuitDigest proprietary,no,Content is copyright CircuitDigest.com. Educational use only. No redistribution without permission. Source URL linked only.
358,unknown,CircuitDigest proprietary,no,Content is copyright CircuitDigest.com. Educational use only. No redistribution without permission. Source URL linked only.
359,unknown,CircuitDigest proprietary,no,Content is copyright CircuitDigest.com. Educational use only. No redistribution without permission. Source URL linked only.
360,unknown,CircuitDigest proprietary,no,Content is copyright CircuitDigest.com. Educational use only. No redistribution without permission. Source URL linked only.
361,unknown,CircuitDigest proprietary,no,Content is copyright CircuitDigest.com. Educational use only. No redistribution without permission. Source URL linked only.
362,unknown,CircuitDigest proprietary,no,Content is copyright CircuitDigest.com. Educational use only. No redistribution without permission. Source URL linked only.
363,unknown,CircuitDigest proprietary,no,Content is copyright CircuitDigest.com. Educational use only. No redistribution without permission. Source URL linked only.
364,unknown,CircuitDigest proprietary,no,Content is copyright CircuitDigest.com. Educational use only. No redistribution without permission. Source URL linked only.
365,unknown,CircuitDigest proprietary,no,Content is copyright CircuitDigest.com. Educational use only. No redistribution without permission. Source URL linked only.
366,unknown,CircuitDigest proprietary,no,Content is copyright CircuitDigest.com. Educational use only. No redistribution without permission. Source URL linked only.
367,unknown,CircuitDigest proprietary,no,Content is copyright CircuitDigest.com. Educational use only. No redistribution without permission. Source URL linked only.
368,unknown,CircuitDigest proprietary,no,Content is copyright CircuitDigest.com. Educational use only. No redistribution without permission. Source URL linked only.
369,unknown,CircuitDigest proprietary,no,Content is copyright CircuitDigest.com. Educational use only. No redistribution without permission. Source URL linked only.
370,unknown,CircuitDigest proprietary,no,Content is copyright CircuitDigest.com. Educational use only. No redistribution without permission. Source URL linked only.
371,unknown,CircuitDigest proprietary,no,Content is copyright CircuitDigest.com. Educational use only. No redistribution without permission. Source URL linked only.
372,unknown,CircuitDigest proprietary,no,Content is copyright CircuitDigest.com. Educational use only. No redistribution without permission. Source URL linked only.
373,unknown,CircuitDigest proprietary,no,Content is copyright CircuitDigest.com. Educational use only. No redistribution without permission. Source URL linked only.
374,unknown,CircuitDigest proprietary,no,Content is copyright CircuitDigest.com. Educational use only. No redistribution without permission. Source URL linked only.
375,unknown,CircuitDigest proprietary,no,Content is copyright CircuitDigest.com. Educational use only. No redistribution without permission. Source URL linked only.
376,unknown,CircuitDigest proprietary,no,Content is copyright CircuitDigest.com. Educational use only. No redistribution without permission. Source URL linked only.
377,unknown,CircuitDigest proprietary,no,Content is copyright CircuitDigest.com. Educational use only. No redistribution without permission. Source URL linked only.
378,unknown,CircuitDigest proprietary,no,Content is copyright CircuitDigest.com. Educational use only. No redistribution without permission. Source URL linked only.
379,unknown,CircuitDigest proprietary,no,Content is copyright CircuitDigest.com. Educational use only. No redistribution without permission. Source URL linked only.
380,unknown,CircuitDigest proprietary,no,Content is copyright CircuitDigest.com. Educational use only. No redistribution without permission. Source URL linked only.
381,unknown,CircuitDigest proprietary,no,Content is copyright CircuitDigest.com. Educational use only. No redistribution without permission. Source URL linked only.
382,unknown,CircuitDigest proprietary,no,Content is copyright CircuitDigest.com. Educational use only. No redistribution without permission. Source URL linked only.
383,unknown,CircuitDigest proprietary,no,Content is copyright CircuitDigest.com. Educational use only. No redistribution without permission. Source URL linked only.
384,unknown,CircuitDigest proprietary,no,Content is copyright CircuitDigest.com. Educational use only. No redistribution without permission. Source URL linked only.
385,unknown,CircuitDigest proprietary,no,Content is copyright CircuitDigest.com. Educational use only. No redistribution without permission. Source URL linked only.
386,unknown,CircuitDigest proprietary,no,Content is copyright CircuitDigest.com. Educational use only. No redistribution without permission. Source URL linked only.
387,unknown,CircuitDigest proprietary,no,Content is copyright CircuitDigest.com. Educational use only. No redistribution without permission. Source URL linked only.
388,unknown,CircuitDigest proprietary,no,Content is copyright CircuitDigest.com. Educational use only. No redistribution without permission. Source URL linked only.
389,unknown,CircuitDigest proprietary,no,Content is copyright CircuitDigest.com. Educational use only. No redistribution without permission. Source URL linked only.
390,unknown,CircuitDigest proprietary,no,Content is copyright CircuitDigest.com. Educational use only. No redistribution without permission. Source URL linked only.
391,unknown,CircuitDigest proprietary,no,Content is copyright CircuitDigest.com. Educational use only. No redistribution without permission. Source URL linked only.
392,unknown,CircuitDigest proprietary,no,Content is copyright CircuitDigest.com. Educational use only. No redistribution without permission. Source URL linked only.
393,unknown,CircuitDigest proprietary,no,Content is copyright CircuitDigest.com. Educational use only. No redistribution without permission. Source URL linked only.
394,unknown,CircuitDigest proprietary,no,Content is copyright CircuitDigest.com. Educational use only. No redistribution without permission. Source URL linked only.
395,unknown,CircuitDigest proprietary,no,Content is copyright CircuitDigest.com. Educational use only. No redistribution without permission. Source URL linked only.
396,unknown,CircuitDigest proprietary,no,Content is copyright CircuitDigest.com. Educational use only. No redistribution without permission. Source URL linked only.
397,unknown,CircuitDigest proprietary,no,Content is copyright CircuitDigest.com. Educational use only. No redistribution without permission. Source URL linked only.
398,unknown,CircuitDigest proprietary,no,Content is copyright CircuitDigest.com. Educational use only. No redistribution without permission. Source URL linked only.
399,unknown,CircuitDigest proprietary,no,Content is copyright CircuitDigest.com. Educational use only. No redistribution without permission. Source URL linked only.
400,unknown,CircuitDigest proprietary,no,Content is copyright CircuitDigest.com. Educational use only. No redistribution without permission. Source URL linked only.
401,unknown,CircuitDigest proprietary,no,Content is copyright CircuitDigest.com. Educational use only. No redistribution without permission. Source URL linked only.
402,unknown,CircuitDigest proprietary,no,Content is copyright CircuitDigest.com. Educational use only. No redistribution without permission. Source URL linked only.
403,unknown,CircuitDigest proprietary,no,Content is copyright CircuitDigest.com. Educational use only. No redistribution without permission. Source URL linked only.
404,unknown,CircuitDigest proprietary,no,Content is copyright CircuitDigest.com. Educational use only. No redistribution without permission. Source URL linked only.
405,unknown,CircuitDigest proprietary,no,Content is copyright CircuitDigest.com. Educational use only. No redistribution without permission. Source URL linked only.
406,unknown,CircuitDigest proprietary,no,Content is copyright CircuitDigest.com. Educational use only. No redistribution without permission. Source URL linked only.
407,unknown,CircuitDigest proprietary,no,Content is copyright CircuitDigest.com. Educational use only. No redistribution without permission. Source URL linked only.
408,unknown,CircuitDigest proprietary,no,Content is copyright CircuitDigest.com. Educational use only. No redistribution without permission. Source URL linked only.
409,unknown,CircuitDigest proprietary,no,Content is copyright CircuitDigest.com. Educational use only. No redistribution without permission. Source URL linked only.
410,unknown,CircuitDigest proprietary,no,Content is copyright CircuitDigest.com. Educational use only. No redistribution without permission. Source URL linked only.
411,unknown,CircuitDigest proprietary,no,Content is copyright CircuitDigest.com. Educational use only. No redistribution without permission. Source URL linked only.
412,unknown,CircuitDigest proprietary,no,Content is copyright CircuitDigest.com. Educational use only. No redistribution without permission. Source URL linked only.
413,unknown,CircuitDigest proprietary,no,Content is copyright CircuitDigest.com. Educational use only. No redistribution without permission. Source URL linked only.
414,unknown,CircuitDigest proprietary,no,Content is copyright CircuitDigest.com. Educational use only. No redistribution without permission. Source URL linked only.
415,unknown,CircuitDigest proprietary,no,Content is copyright CircuitDigest.com. Educational use only. No redistribution without permission. Source URL linked only.
416,unknown,CircuitDigest proprietary,no,Content is copyright CircuitDigest.com. Educational use only. No redistribution without permission. Source URL linked only.
417,unknown,CircuitDigest proprietary,no,Content is copyright CircuitDigest.com. Educational use only. No redistribution without permission. Source URL linked only.
418,unknown,CircuitDigest proprietary,no,Content is copyright CircuitDigest.com. Educational use only. No redistribution without permission. Source URL linked only.
419,unknown,CircuitDigest proprietary,no,Content is copyright CircuitDigest.com. Educational use only. No redistribution without permission. Source URL linked only.
420,unknown,CircuitDigest proprietary,no,Content is copyright CircuitDigest.com. Educational use only. No redistribution without permission. Source URL linked only.
421,unknown,CircuitDigest proprietary,no,Content is copyright CircuitDigest.com. Educational use only. No redistribution without permission. Source URL linked only.
422,unknown,CircuitDigest proprietary,no,Content is copyright CircuitDigest.com. Educational use only. No redistribution without permission. Source URL linked only.
423,unknown,CircuitDigest proprietary,no,Content is copyright CircuitDigest.com. Educational use only. No redistribution without permission. Source URL linked only.
424,unknown,CircuitDigest proprietary,no,Content is copyright CircuitDigest.com. Educational use only. No redistribution without permission. Source URL linked only.
425,unknown,CircuitDigest proprietary,no,Content is copyright CircuitDigest.com. Educational use only. No redistribution without permission. Source URL linked only.
426,unknown,CircuitDigest proprietary,no,Content is copyright CircuitDigest.com. Educational use only. No redistribution without permission. Source URL linked only.
427,unknown,CircuitDigest proprietary,no,Content is copyright CircuitDigest.com. Educational use only. No redistribution without permission. Source URL linked only.
428,unknown,CircuitDigest proprietary,no,Content is copyright CircuitDigest.com. Educational use only. No redistribution without permission. Source URL linked only.
429,unknown,CircuitDigest proprietary,no,Content is copyright CircuitDigest.com. Educational use only. No redistribution without permission. Source URL linked only.
430,unknown,CircuitDigest proprietary,no,Content is copyright CircuitDigest.com. Educational use only. No redistribution without permission. Source URL linked only.
431,unknown,CircuitDigest proprietary,no,Content is copyright CircuitDigest.com. Educational use only. No redistribution without permission. Source URL linked only.
432,unknown,CircuitDigest proprietary,no,Content is copyright CircuitDigest.com. Educational use only. No redistribution without permission. Source URL linked only.
433,unknown,CircuitDigest proprietary,no,Content is copyright CircuitDigest.com. Educational use only. No redistribution without permission. Source URL linked only.
434,unknown,CircuitDigest proprietary,no,Content is copyright CircuitDigest.com. Educational use only. No redistribution without permission. Source URL linked only.
435,unknown,CircuitDigest proprietary,no,Content is copyright CircuitDigest.com. Educational use only. No redistribution without permission. Source URL linked only.
